Name,IPA,SAMPA,GAM,Sphinx2,Afrikaans,Afrikaans-Dutch,ARPAbet,UNISYN,CMUbet-MONC,CMUbet,CGN-Dutch,AMI-v0,HIWIRE,Isizulu,SD_ENESITSFSZ,MEDIAPARL,SA_EN,SD_EN,SD_ES,SD_IT,SD_IT_wo@,LEXIQUE3.80,FESTIVAL_FR,BDLEX50,BDLEX50_noN,SD_SF,FESTIVAL_DE,KALDI_DE,PHONOLEX_EXT,PHONOLEX,PHONOLEX_DE,PHONOLEX_GP,PHONOLEX_MP,SD_SZ,SD_NO,SD_FI,SD_EL,SD_SV,question count,Vowel,Consonant,Voiced_Consonant,Unvoiced_Consonant,Aspirated_Consonant,Ejective_Consonant,Click_Consonant,Pulmonic_Consonant,Voiced_Pulmonic_Consonant,Unvoiced_Pulmonic_Consonant,Syllabic_Consonant,Plosive,Implosive,Voiced_Plosive,Unvoiced_Plosive,Bilabial_Plosive,Coronal_Plosive,Velar_Plosive,Aveloar_Plosive,Fricative,Voiced_Fricative,Unvoiced_Fricative,Labiodental_Fricative,Coronal_Fricative,Dental_Fricative,Alveolar_Fricative,Lateral_Fricative,Postalveolar_Fricative,Dental_Click,Alveolar_Lateral_Click,Palatal_Click,Approximant,Pulmonic_Approximant,Nasal,Pulmonic_Nasal,Syllabic_Nasal,Affricates,Alveolar_Africate,Lateral,Voiced_lateral,Labial,Voiced_Labial,Unvoiced_Labial,Bilabial,Voiced_Bilabial,Unvoiced_Bilabial,Pulmonic_Bilabial,Pulmonic_Voiced_Bilabial,Coronal,General_Voiced_Coronal,General_Unvoiced_Coronal,Pulmonic_Coronal,Voiced_Coronal,Unvoiced_Coronal,Dorsal,Voiced_Dorsal,Dorsal_Velar,Labialized_velar_approximant,Fortis_Consonant,Lenis_Consonant,General_Front_Vowel,Front_Vowel,Front_Vowel_Rhoticity,Front_close_vowel,Front_close_mid_vowel,Front_open_mid_vowel,Front_near_open_vowel,Front_open_vowel,Front_nearfront_Vowel,Front_central_vowel,Front_nearback_Vowel,General_Nearfront_Vowel,Nearfront_Vowel,Nearfront_Vowel_Rhoticity,Nearfront_central_vowel,General_Central_Vowel,Central_Vowel_Rhoticity,Central_Vowel,Central_close_vowel,Central_Mid_Vowel,Central_Openmid_Vowel,Central_Nearopen_Vowel,General_Nearback_Vowel,Nearback_Vowel_Rhoticity,Nearback_Vowel,Nearback_central_vowel,General_Back_Vowel,Back_Vowel_Rhoticity,Back_Vowel,Back_Open_Vowel,Back_OpenMid_Vowel,Back_Closemid_Vowel,Back_Close_Vowel,Long_Vowel,Long_Back_Vowel,Long_Central_Vowel,Long_Front_Vowel,Long_Close_Vowel,Long_Closemid_Vowel,Long_OpenMid_Vowel,Long_Open_Vowel,Close_Vowel,NearClose_Vowel,CloseMid_Vowel,OpenMid_Vowel,Open_Vowel,OpenMid_NearClose_Vowel,Open_NearClose_Vowel,Open_NearClose_Mid_Vowel,NearClose_Mid_Vowel,Dipthong,Rounded,Unrounded,Unround-Schwa
Phone count,184,205,56,43,37,32,45,44,23,39,46,44,37,45,116,60,44,44,31,51,50,37,37,37,36,41,47,41,72,58,55,53,56,58,46,46,30,45,199,110,92,53,31,5,5,9,73,47,28,6,23,1,10,11,9,7,9,2,25,14,16,8,11,5,8,2,6,3,3,3,11,7,24,11,5,13,,11,7,19,13,9,17,11,6,9,7,30,20,13,24,18,11,21,14,11,5,18,15,58,30,5,19,11,12,8,10,8,13,5,16,8,4,5,35,4,13,7,9,6,1,9,4,6,5,33,5,27,12,10,8,10,21,8,6,13,7,6,8,6,17,10,15,18,16,6,7,5,4,53,33,39,8
Nasal,m,m,m,m,m,m,m,m,,M,m,m,m,m,m,m,m,m,m,m,m,m,m,m,m,m,m,m,m,m,m,m,m,m,m,m,m,m,12,,1,1,,,,,1,1,,,,,,,,,,,,,,,,,,,,,,,,,1,1,,,,,,1,1,,1,1,,1,1,,,,,,,,,,,,,,,,,,,,,,,,,,,,,,,,,,,,,,,,,,,,,,,,,,,,,,,,,,,,,,,,,,
,mm,mm,,,,,,,,,,,,,mm,,,,,mm,mm,,,,,,,,,,,,,,,mm,,,12,,1,1,,,,,1,1,,,,,,,,,,,,,,,,,,,,,,,,,1,1,,,,,,1,1,,1,1,,1,1,,,,,,,,,,,,,,,,,,,,,,,,,,,,,,,,,,,,,,,,,,,,,,,,,,,,,,,,,,,,,,,,,,
,m̩,m=,m!,,,,em,em,,,,em,,,,,,,,,,,,,,,,,,,,,,,,,,,11,,1,1,,,,,1,1,,1,,,,,,,,,,,,,,,,,,,,,,,1,,1,,,,,1,1,,1,1,,,,,,,,,,,,,,,,,,,,,,,,,,,,,,,,,,,,,,,,,,,,,,,,,,,,,,,,,,,,,,,,,,,,,
,n,n,n,n,n,n,n,n,N,N,n,n,n,n,n,n,n,n,n,n,n,n,n,n,n,n,n,n,n,n,n,n,n,n,n,n,n,n,10,,1,1,,,,,1,1,,,,,,,,,,,,,,,,,,,,,,,,,1,1,,,,,,,,,,,,,,1,1,,1,1,,,,,,,,,,,,,,,,,,,,,,,,,,,,,,,,,,,,,,,,,,,,,,,,,,,,,,,,,,,,,
,nn,nn,,,,,,,,,,,,,nn,,,,,nn,nn,,,,,,,,,,,,,,,nn,,,10,,1,1,,,,,1,1,,,,,,,,,,,,,,,,,,,,,,,,,1,1,,,,,,,,,,,,,,1,1,,1,1,,,,,,,,,,,,,,,,,,,,,,,,,,,,,,,,,,,,,,,,,,,,,,,,,,,,,,,,,,,,,
,n̩,n=,n!,,,,en,en,,,,en,,,,,,,,,,,,,,,,,,,,,,,,,,,10,,1,1,,,,,1,1,,1,,,,,,,,,,,,,,,,,,,,,,,1,,1,,,,,,,,,,,,,1,1,,,1,,,,,,,,,,,,,,,,,,,,,,,,,,,,,,,,,,,,,,,,,,,,,,,,,,,,,,,,,,,,,
,ɲ,J,,,,,,,,,J,,,J,J,J,,,J,J,J,J,J,J,J,J,,,,,,,,,,,,,8,,1,1,,,,,1,1,,,,,,,,,,,,,,,,,,,,,,,,,1,1,,,,,,,,,,,,,,,,,,,,1,1,,,,,,,,,,,,,,,,,,,,,,,,,,,,,,,,,,,,,,,,,,,,,,,,,,,,,,,,,,
,ɲɲ,JJ,,,,,,,,,,,,,JJ,,,,,JJ,JJ,,,,,,,,,,,,,,,,,,8,,1,1,,,,,1,1,,,,,,,,,,,,,,,,,,,,,,,,,1,1,,,,,,,,,,,,,,,,,,,,1,1,,,,,,,,,,,,,,,,,,,,,,,,,,,,,,,,,,,,,,,,,,,,,,,,,,,,,,,,,,
,ŋ,N,ng,ng,N,N,ng,ng,,NG,N,ng,ng,N,N,N,N,N,N,,,N,N,N,,N,N,ng,N,N,N,N,N,N,N,N,,N,9,,1,1,,,,,1,1,,,,,,,,,,,,,,,,,,,,,,,,,1,1,,,,,,,,,,,,,,,,,,,,1,1,1,,,,,,,,,,,,,,,,,,,,,,,,,,,,,,,,,,,,,,,,,,,,,,,,,,,,,,,,,
,ŋŋ,NN,,,,,,,,,,,,,,,,,,,,,,,,,,,,,,,,,,NN,,,9,,1,1,,,,,1,1,,,,,,,,,,,,,,,,,,,,,,,,,1,1,,,,,,,,,,,,,,,,,,,,1,1,1,,,,,,,,,,,,,,,,,,,,,,,,,,,,,,,,,,,,,,,,,,,,,,,,,,,,,,,,,
Plosive,p,p,p,p,p,p,p,p,,P,p,p,p,,p,p,p,p,p,p,p,p,p,p,p,p,p,p,p,p,p,p,p,p,p,p,p,p,13,,1,,1,,,,1,,1,,1,,,1,1,,,,,,,,,,,,,,,,,,,,,,,,,1,,1,1,,1,1,,,,,,,,,,,,1,,,,,,,,,,,,,,,,,,,,,,,,,,,,,,,,,,,,,,,,,,,,,,,,,,,,,,,
,pp,pp,,,,,,,,,,,,,pp,,,,,pp,pp,,,,,,,,,,,,,,,pp,,,13,,1,,1,,,,1,,1,,1,,,1,1,,,,,,,,,,,,,,,,,,,,,,,,,1,,1,1,,1,1,,,,,,,,,,,,1,,,,,,,,,,,,,,,,,,,,,,,,,,,,,,,,,,,,,,,,,,,,,,,,,,,,,,,
,ph,p_h,,,,,,,,,,,,p_h,,,,,,,,,,,,,,,,,,,,,,,,,6,,1,,,1,,,1,,,,1,,,,1,,,,,,,,,,,,,,,,,,,,,,,,,,,,1,,,,,,,,,,,,,,,,,,,,,,,,,,,,,,,,,,,,,,,,,,,,,,,,,,,,,,,,,,,,,,,,,,,,,,
,p',p_>,,,,,,,,,,,,p_>,,,,,,,,,,,,,,,,,,,,,,,,,5,,1,,,,1,,,,,,1,,,,1,,,,,,,,,,,,,,,,,,,,,,,,,,,,1,,,,,,,,,,,,,,,,,,,,,,,,,,,,,,,,,,,,,,,,,,,,,,,,,,,,,,,,,,,,,,,,,,,,,,
,b,b,b,b,b,b,b,b,,B,b,b,b,b,b,b,b,b,b,b,b,b,b,b,b,b,b,b,b,b,b,b,b,b,b,b,b,b,14,,1,1,,,,,1,1,,,1,,1,,1,,,,,,,,,,,,,,,,,,,,,,,,,1,1,,1,1,,1,1,,,,,,,,,,,,1,,,,,,,,,,,,,,,,,,,,,,,,,,,,,,,,,,,,,,,,,,,,,,,,,,,,,,
,bb,bb,,,,,,,,,,,,,bb,,,,,bb,bb,,,,,,,,,,,,,,,bb,,,14,,1,1,,,,,1,1,,,1,,1,,1,,,,,,,,,,,,,,,,,,,,,,,,,1,1,,1,1,,1,1,,,,,,,,,,,,1,,,,,,,,,,,,,,,,,,,,,,,,,,,,,,,,,,,,,,,,,,,,,,,,,,,,,,
,ɓ,b_<,,,,,,,,,,,,b_<,,,,,,,,,,,,,,,,,,,,,,,,,4,,1,1,,,,,,,,,,1,,,,,,,,,,,,,,,,,,,,,,,,,,,,,,,1,,,,,,,,,,,,,,,,,,,,,,,,,,,,,,,,,,,,,,,,,,,,,,,,,,,,,,,,,,,,,,,,,,,,,,
,t,t,t,t,t,t,t,t,T,T,t,t,t,,t,t,t,t,t,t,t,t,t,t,t,t,t,t,t,t,t,t,t,t,t,t,t,t,12,,1,,1,,,,1,,1,,1,,,1,,1,,,,,,,,,,,,,,,,,,,,,,,,,,,,,,,,1,,1,1,,1,,,,,1,,,,,,,,,,,,,,,,,,,,,,,,,,,,,,,,,,,,,,,,,,,,,,,,,,,,,,,
,tt,tt,,,,,,,,,,,,,tt,,,,,tt,tt,,,,,,,,,,,,,,,tt,,,12,,1,,1,,,,1,,1,,1,,,1,,1,,,,,,,,,,,,,,,,,,,,,,,,,,,,,,,,1,,1,1,,1,,,,,1,,,,,,,,,,,,,,,,,,,,,,,,,,,,,,,,,,,,,,,,,,,,,,,,,,,,,,,
,th,t_h,,,,,,,,,,,,t_h,,,,,,,,,,,,,,,,,,,,,,,,,5,,1,1,,1,,,,,,,1,,,,,,,1,,,,,,,,,,,,,,,,,,,,,,,,,,,,,,,,,,,,,,,,,,,,,,,,,,,,,,,,,,,,,,,,,,,,,,,,,,,,,,,,,,,,,,,,,,,,,,,
,t',t_>,,,,,,,,,,,,t_>,,,,,,,,,,,,,,,,,,,,,,,,,4,,1,,,,1,,,,,,1,,,,,,,1,,,,,,,,,,,,,,,,,,,,,,,,,,,,,,,,,,,,,,,,,,,,,,,,,,,,,,,,,,,,,,,,,,,,,,,,,,,,,,,,,,,,,,,,,,,,,,,
,d,d,d,d,d,d,d,d,D,D,d,d,d,d,d,d,d,d,d,d,d,d,d,d,d,d,d,d,d,d,d,d,d,d,d,d,d,d,12,,1,1,,,,,1,1,,,1,,1,,,1,,,,,,,,,,,,,,,,,,,,,,,,,,,,,,,,1,1,,1,1,,,,,,,1,,,,,,,,,,,,,,,,,,,,,,,,,,,,,,,,,,,,,,,,,,,,,,,,,,,,,,
,dd,dd,,,,,,,,,,,,,dd,,,,,dd,dd,,,,,,,,,,,,,,,dd,,,11,,1,1,,,,,1,1,,,1,,1,,,1,,,,,,,,,,,,,,,,,,,,,,,,,,,,,,,,1,1,,1,1,,,,,,,,,,,,,,,,,,,,,,,,,,,,,,,,,,,,,,,,,,,,,,,,,,,,,,,,,,,,,
,c,c,,,,,,,,,,,,,,,,,,,,,,,,,,,,,,,,,,,c,,7,,1,,1,,,,1,,1,,1,,,1,,,,,,,,,,,,,,,,,,,,,,,,,,,,,,,,,,,,,,,,1,,,,,,,,,,,,,,,,,,,,,,,,,,,,,,,,,,,,,,,,,,,,,,,,,,,,,,,,,,,
,ɟ,gj,,,,,,,,,,,,,,,,,,,,,,,,,,,,,,,,,,,gj,,7,,1,1,,,,,1,1,,,1,,1,,,,,,,,,,,,,,,,,,,,,,,,,,,,,,,,,,,,,,,,,1,,,,,,,,,,,,,,,,,,,,,,,,,,,,,,,,,,,,,,,,,,,,,,,,,,,,,,,,,,,
,k,k,k,k,k,k,k,k,K,K,k,k,k,k,k,k,k,k,k,k,k,k,k,k,k,k,k,k,k,k,k,k,k,k,k,k,k,k,10,,1,,1,,,,1,,1,,1,,,1,,,1,,,,,,,,,,,,,,,,,,,,,,,,,,,,,,,,,,,,,1,,1,,1,,,,,,,,,,,,,,,,,,,,,,,,,,,,,,,,,,,,,,,,,,,,,,,,,,,,,,,
,kh,k_h,,,,,,,,,,,,k_h,,,,,,,,,,,,,,,,,,,,,,,,,4,,1,,1,1,,,,,,,,,,,,,1,,,,,,,,,,,,,,,,,,,,,,,,,,,,,,,,,,,,,,,,,,,,,,,,,,,,,,,,,,,,,,,,,,,,,,,,,,,,,,,,,,,,,,,,,,,,,,,,
,kɬ,kK_>,,,,,,,,,,,,kK_>,,,,,,,,,,,,,,,,,,,,,,,,,4,,1,,,,1,,,,,,1,,,,,,1,,,,,,,,,,,,,,,,,,,,,,,,,,,,,,,,,,,,,,,,,,,,,,,,,,,,,,,,,,,,,,,,,,,,,,,,,,,,,,,,,,,,,,,,,,,,,,,,
,kk,kk,,,,,,,,,,,,,kk,,,,,kk,kk,,,,,,,,,,,,,,,kk,,,10,,1,,1,,,,1,,1,,1,,,1,,,1,,,,,,,,,,,,,,,,,,,,,,,,,,,,,,,,,,,,,1,,1,,1,,,,,,,,,,,,,,,,,,,,,,,,,,,,,,,,,,,,,,,,,,,,,,,,,,,,,,,
,g,g,g,g,g,g,g,g,,G,g,g,g,g,g,g,g,g,g,g,g,g,g,g,g,g,g,g,g,g,g,g,g,g,g,g,g,g,11,,1,1,,,,,1,1,,,1,,1,,,,1,,,,,,,,,,,,,,,,,,,,,,,,,,,,,,,,,,,,,1,1,1,,,1,,,,,,,,,,,,,,,,,,,,,,,,,,,,,,,,,,,,,,,,,,,,,,,,,,,,,,
,gg,gg,,,,,,,,,,,,,gg,,,,,gg,gg,,,,,,,,,,,,,,,gg,,,11,,1,1,,,,,1,1,,,1,,1,,,,1,,,,,,,,,,,,,,,,,,,,,,,,,,,,,,,,,,,,,1,1,1,,,1,,,,,,,,,,,,,,,,,,,,,,,,,,,,,,,,,,,,,,,,,,,,,,,,,,,,,,
,ʔ,?,,,,,,,,,,,,,?,Q,,,,,,,,,,,GS,,Q,Q,Q,Q,Q,?,,,,,6,,1,,1,,,,1,,1,,1,,,1,,,,,,,,,,,,,,,,,,,,,,,,,,,,,,,,,,,,,,,,,,,,,,,,,,,,,,,,,,,,,,,,,,,,,,,,,,,,,,,,,,,,,,,,,,,,,,,,,,,
Fricative,β,B,,,,,,,,,,,,,B,,,,B,,,,,,,,,,,,,,,,,,,,10,,1,1,,,,,1,1,,,,,,,,,,,1,1,,,,,,,,,,,,,,,,,,,,1,1,,1,1,,,,,,,,,,,,,,,,,,,,,,,,,,,,,,,,,,,,,,,,,,,,,,,,,,,,,,,,,,,,,,,,,,,,,
,f,f,f,f,f,f,f,f,F,F,f,f,f,f,f,f,f,f,f,f,f,f,f,f,f,f,f,f,f,f,f,f,f,f,f,f,f,f,10,,1,,1,,,,1,,1,,,,,,,,,,1,,1,1,,,,,,,,,,,,,,,,,,1,,1,,,,,,,,,,,,,,,,1,,,,,,,,,,,,,,,,,,,,,,,,,,,,,,,,,,,,,,,,,,,,,,,,,,,,,,,
,ff,ff,,,,,,,,,,,,,ff,,,,,ff,ff,,,,,,,,,,,,,,,ff,,,10,,1,,1,,,,1,,1,,,,,,,,,,1,,1,1,,,,,,,,,,,,,,,,,,1,,1,,,,,,,,,,,,,,,,1,,,,,,,,,,,,,,,,,,,,,,,,,,,,,,,,,,,,,,,,,,,,,,,,,,,,,,,
,v,v,v,v,v,v,v,v,V,V,v,v,v,v,v,v,v,v,,v,v,v,v,v,v,v,v,v,v,v,v,v,v,v,v,v,v,v,10,,1,1,,,,,1,1,,,,,,,,,,,1,1,,1,,,,,,,,,,,,,,,,,,1,1,,,,,,,,,,,,,,,,,,1,,,,,,,,,,,,,,,,,,,,,,,,,,,,,,,,,,,,,,,,,,,,,,,,,,,,,,
,vv,vv,,,,,,,,,,,,,vv,,,,,vv,vv,,,,,,,,,,,,,,,,,,10,,1,1,,,,,1,1,,,,,,,,,,,1,1,,1,,,,,,,,,,,,,,,,,,1,1,,,,,,,,,,,,,,,,,,1,,,,,,,,,,,,,,,,,,,,,,,,,,,,,,,,,,,,,,,,,,,,,,,,,,,,,,
,θ,T,th,th,,,th,th,TH,TH,,th,th,,T,,T,T,T,,,,,,,,,,,,,,,,,,T,,13,,1,,1,,,,1,,1,,,,,,,,,,1,,1,,1,1,,,,,,,,,,,,,,,,,,,,,,,,1,,1,1,,1,,,,,1,,,,,,,,,,,,,,,,,,,,,,,,,,,,,,,,,,,,,,,,,,,,,,,,,,,,,,,
,ð,D,dh,dh,,,dh,dh,,DH,,dh,dh,,D,,D,D,D,,,,,,,,,,,,,,,,,,D,,13,,1,1,,,,,1,1,,,,,,,,,,,1,1,,,1,1,,,,,,,,,,,,,,,,,,,,,,,,1,1,,1,1,,,,,,,1,,,,,,,,,,,,,,,,,,,,,,,,,,,,,,,,,,,,,,,,,,,,,,,,,,,,,,
,s,s,s,s,s,s,s,s,S,S,s,s,s,s,s,s,s,s,s,s,s,s,s,s,s,s,s,s,s,s,s,s,s,s,s,s,s,s,13,,1,,1,,,,1,,1,,,,,,,,,,1,,1,,1,,1,,,,,,,,,,,,,,,,,,,,,,,1,,1,1,,1,,,,,1,,,,,,,,,,,,,,,,,,,,,,,,,,,,,,,,,,,,,,,,,,,,,,,,,,,,,,,
,ss,ss,,,,,,,,,,,,,ss,,,,,ss,ss,,,,,,,,,,,,,,,ss,,,13,,1,,1,,,,1,,1,,,,,,,,,,1,,1,,1,,1,,,,,,,,,,,,,,,,,,,,,,,1,,1,1,,1,,,,,1,,,,,,,,,,,,,,,,,,,,,,,,,,,,,,,,,,,,,,,,,,,,,,,,,,,,,,,
,z,z,z,z,z,z,z,z,Z,Z,z,z,z,z,z,z,z,z,z,z,z,z,z,z,z,z,z,z,z,z,z,z,z,z,,,z,,13,,1,1,,,,,1,1,,,,,,,,,,,1,1,,,1,,1,,,,,,,,,,,,,,,,,,,,,,,1,1,,1,1,,,,,,,1,,,,,,,,,,,,,,,,,,,,,,,,,,,,,,,,,,,,,,,,,,,,,,,,,,,,,,
,ʃ,S,sh,sh,S,S,sh,sh,,SH,S,sh,sh,S,S,S,S,S,,S,S,S,S,S,S,S,S,S,S,S,S,S,S,S,S,,,S,13,,1,,1,,,,1,,1,,,,,,,,,,1,,1,,1,,,,1,,,,,,,,,,,,,,,,,,,,,1,,1,1,,1,,,,,1,,,,,,,,,,,,,,,,,,,,,,,,,,,,,,,,,,,,,,,,,,,,,,,,,,,,,,,
,ʃʃ,SS,,,,,,,,,,,,,SS,,,,,SS,SS,,,,,,,,,,,,,,,,,,13,,1,,1,,,,1,,1,,,,,,,,,,1,,1,,1,,,,1,,,,,,,,,,,,,,,,,,,,,1,,1,1,,1,,,,,1,,,,,,,,,,,,,,,,,,,,,,,,,,,,,,,,,,,,,,,,,,,,,,,,,,,,,,,
,ʒ,Z,zh,zh,Z,Z,zh,zh,,ZH,Z,zh,,,Z,Z,Z,Z,,,,Z,Z,Z,Z,Z,Z,,Z,Z,Z,Z,Z,Z,,,,,13,,1,1,,,,,1,1,,,,,,,,,,,1,1,,,1,,,,1,,,,,,,,,,,,,,,,,,,,,1,1,,1,1,,,,,,,1,,,,,,,,,,,,,,,,,,,,,,,,,,,,,,,,,,,,,,,,,,,,,,,,,,,,,,
,ç,C,,,,,,,,,,,,,C,C,,,,,,,,,,,C,C,C,C,C,C,C,C,C,,C,C,8,,1,,1,,,,1,,1,,,,,,,,,,1,,1,,,,,,,,,,,,,,,,,,,,,,,,,,,,,,,,,1,,,,,1,,,,,,,,,,,,,,,,,,,,,,,,,,,,,,,,,,,,,,,,,,,,,,,,,,,,,,
,x,x,,,x,x,,,,,x,,,,x,x,,,x,,,x,X,,,,ch,x,x,x,x,x,x,x,,,x,,8,,1,,1,,,,1,,1,,,,,,,,,,1,,1,,,,,,,,,,,,,,,,,,,,,,,,,,,,,,,,,1,,1,,,,,,,,,,,,,,,,,,,,,,,,,,,,,,,,,,,,,,,,,,,,,,,,,,,,,,,,,
,ɣ,G,,,,,,,,,G,,,,G,,,,G,,,,,,,,,,,,,,,,,,G,,9,,1,1,,,,,1,1,,,,,,,,,,,1,1,,,,,,,,,,,,,,,,,,,,,,,,,,,,,,,,,,1,1,1,,,,,,,,,,,,,,,,,,,,,,,,,,,,,,,,,,,,,,,,,,,,,,,,,,,,,,,,,
,ʁ,R,,,,,,,,,,,,,R,R,,,,,,R,R,R,R,R,,,,,,R,R,R,,,,,7,,1,1,,,,,1,1,,,,,,,,,,,1,1,,,,,,,,,,,,,,,,,,,,,,,,,,,,,,,,,,1,,,,,,,,,,,,,,,,,,,,,,,,,,,,,,,,,,,,,,,,,,,,,,,,,,,,,,,,,,,
,ɥ,H,,,,,,,,,,,,,H,H,,,,,,H,H,H,H,H,,,,,,,,,,,,,9,,1,1,,,,,1,1,,,,,,,,,,,,,,,,,,,,,,,1,,,,,,,,,1,1,,1,1,,,,,,,,,,,,,,,,,,,,,,,,,,,,,,,,,,,,,,,,,,,,,,,,,,,,,,,,,,,,,,,,,,,,,
,h,h,h,hh,,,hh,hh,HH,HH,h,hh,hh,h,h,h,,h,,,,,,,,,h,h,h,h,h,h,h,h,h,h,,h,6,,1,,1,,,,1,,1,,,,,,,,,,1,,1,,,,,,,,,,,,,,,,,,,,,,,,,,,,,,,,,,,,,,,,,,,,,,,,,,,,,,,,,,,,,,,,,,,,,,,,,,,,,,,,,,,,,,,,,,,,
,ɦ,h\,,,h\,h\,,,,,,,,h\,,,h\,,,,,,,,,,,,,,,,,,,,,,6,,1,1,,,,,1,1,,,,,,,,,,,1,1,,,,,,,,,,,,,,,,,,,,,,,,,,,,,,,,,,,,,,,,,,,,,,,,,,,,,,,,,,,,,,,,,,,,,,,,,,,,,,,,,,,,,,,,,,,,,
,hh,hh,,,,,,,,,,,,,,,,,,,,,,,,,,,,,,,,,,hh,,,6,,1,1,,,,,1,1,,,,,,,,,,,1,1,,,,,,,,,,,,,,,,,,,,,,,,,,,,,,,,,,,,,,,,,,,,,,,,,,,,,,,,,,,,,,,,,,,,,,,,,,,,,,,,,,,,,,,,,,,,,
Approximant,ɹ,r,r,r,r,r,r,r,R,R,r,r,r,r,r,r,r,r,r,r,r,,,,,r,r,r,r,r,r,r,r,,r,r,r,r,10,,1,1,,,,,1,1,,,,,,,,,,,,,,,,,,,,,,,1,1,,,,,,,,,,,,,,,,1,1,,1,1,,,,,,,,,,,,,,,,,,,,,,,,,,,,,,,,,,,,,,,,,,,,,,,,,,,,,,,,,,,,,
,rr,rr,,,,,,,,,,,,,,,,,,,,,,,,,,,,,,,,,,rr,,,10,,1,1,,,,,1,1,,,,,,,,,,,,,,,,,,,,,,,1,1,,,,,,,,,,,,,,,,1,1,,1,1,,,,,,,,,,,,,,,,,,,,,,,,,,,,,,,,,,,,,,,,,,,,,,,,,,,,,,,,,,,,,
,j,j,y,y,j,j,y,y,,Y,j,y,y,,j,j,j,j,j,j,j,j,j,j,j,j,j,j,j,j,j,j,j,j,j,j,j,j,8,,1,1,,,,,1,1,,,,,,,,,,,,,,,,,,,,,,,1,1,,,,,,,,,,,,,,,,,,,,,,1,1,,,,,,,,,,,,,,,,,,,,,,,,,,,,,,,,,,,,,,,,,,,,,,,,,,,,,,,,,,
,ʝ,jj,,,,,,,,,,,,j,jj,,,,jj,,,,,,,,,,,,,,,,,,jj,,8,,1,1,,,,,1,1,,,,,,,,,,,,,,,,,,,,,,,1,1,,,,,,,,,,,,,,,,,,,,,,1,1,,,,,,,,,,,,,,,,,,,,,,,,,,,,,,,,,,,,,,,,,,,,,,,,,,,,,,,,,,
Trill,rr,rr,,,,,,,,,,,,,rr,,,,rr,rr,rr,,,,,,,,,,,,,,,,,,8,,1,1,,,,,1,1,,,,,,,,,,,,,,,,,,,,,,,,,,,,,,,,,,,,,,,,1,1,,1,1,,,,,,,,,,,,,,,,,,,,,,,,,,,,,,,,,,,,,,,,,,,,,,,,,,,,,,,,,,,,,
Tap,ɾ,4,t^,dx,,,dx,,,,,,,,,,,,,,,,,,,,,,,,,,,,,,,,8,,1,1,,,,,1,1,,,,,,,,,,,,,,,,,,,,,,,,,,,,,,,,,,,,,,,,1,1,,1,1,,,,,,,,,,,,,,,,,,,,,,,,,,,,,,,,,,,,,,,,,,,,,,,,,,,,,,,,,,,,,
Lat. Approx.,l,l,l,l,l,l,l,l,L,L,l,l,l,l,l,l,l,l,l,l,l,l,l,l,l,l,l,l,l,l,l,l,l,l,l,l,l,l,10,,1,1,,,,,1,1,,,,,,,,,,,,,,,,,,,,,,,,,,,,,,1,1,,,,,,,,,1,1,,1,1,,,,,,,,,,,,,,,,,,,,,,,,,,,,,,,,,,,,,,,,,,,,,,,,,,,,,,,,,,,,,
,ll,ll,,,,,,,,,,,,,ll,,,,,ll,ll,,,,,,,,,,,,,,,ll,,,10,,1,1,,,,,1,1,,,,,,,,,,,,,,,,,,,,,,,,,,,,,,1,1,,,,,,,,,1,1,,1,1,,,,,,,,,,,,,,,,,,,,,,,,,,,,,,,,,,,,,,,,,,,,,,,,,,,,,,,,,,,,,
,l̩,l=,l!,,,,el,el,,,,el,,,,,,,,,,,,,,,,,,,,,,,,,,,10,,1,1,,,,,1,1,,1,,,,,,,,,,,,,,,,,,,,,,,,,,,,1,1,,,,,,,,,1,1,,,1,,,,,,,,,,,,,,,,,,,,,,,,,,,,,,,,,,,,,,,,,,,,,,,,,,,,,,,,,,,,,
,ɬ,K,,,,,,,,,,,,K,,,,,,,,,,,,,,,,,,,,,,,,,9,,1,,1,,,,1,,1,,,,,,,,,,,,1,,,,1,1,,,,,,,,,,,,1,1,,,,,,,,,,,,,,,,,,,,,,,,,,,,,,,,,,,,,,,,,,,,,,,,,,,,,,,,,,,,,,,,,,,,,,,,,,
,ɮ,K\,,,,,,,,,,,,K\,,,,,,,,,,,,,,,,,,,,,,,,,8,,1,1,,,,,1,1,,,,,,,,,,,,1,,,,,1,1,,,,,,,,,,,,1,,,,,,,,,,,,,,,,,,,,,,,,,,,,,,,,,,,,,,,,,,,,,,,,,,,,,,,,,,,,,,,,,,,,,,,,,,,
,ʎ,L,,,,,,,,,,,,,L,,,,L,L,L,,,,,,,,,,,,,,,,,,7,,1,1,,,,,1,1,,,,,,,,,,,,,,,,,,,,,,,,,,,,,,1,,,,,,,,,,,,,,,,1,1,,,,,,,,,,,,,,,,,,,,,,,,,,,,,,,,,,,,,,,,,,,,,,,,,,,,,,,,,,
,ʎʎ,LL,,,,,,,,,,,,,LL,,,,,LL,LL,,,,,,,,,,,,,,,,,,7,,1,1,,,,,1,1,,,,,,,,,,,,,,,,,,,,,,,,,,,,,,1,,,,,,,,,,,,,,,,1,1,,,,,,,,,,,,,,,,,,,,,,,,,,,,,,,,,,,,,,,,,,,,,,,,,,,,,,,,,,
Coarticulated,ʍ,W,hw,,,,,,,,,,,,,,,,,,,,,,,,,,,,,,,,,,,,10,,1,,1,,,,,,,,,,,,,,,,1,,1,,,,,,,,,,1,,,,,,,,,1,,1,1,,1,,,,,,,,,,,,1,,,,,,,,,,,,,,,,,,,,,,,,,,,,,,,,,,,,,,,,,,,,,,,,,,,,,,,,
,w,w,w,w,w,w,w,w,W,W,w,w,w,w,w,w,w,w,w,w,w,w,w,w,w,w,,,,,,,,,,,,,8,,1,1,,,,,,,,,,,,,,,,,,,,,,,,,,,,,1,,,,,,,,,1,1,,1,1,,,,,,,,,,,,,1,,,,,,,,,,,,,,,,,,,,,,,,,,,,,,,,,,,,,,,,,,,,,,,,,,,,,,,,
,ɫ,5,lw,,,,,,,,,,,,,,,,,,,,,,,,,,,,,,,,,,,,10,,1,,1,,,,1,,1,,,,,,,,,,,,,,,,,,,,,,1,,,,,,,1,,,,,,,,,,1,,1,1,,1,,,,,,,,,,,,,,,,,,,,,,,,,,,,,,,,,,,,,,,,,,,,,,,,,,,,,,,,,,,,
Affricate,ts,ts,,,,,,,,,,,,,ts,ts,,,,ts,ts,,,,,,,ts,ts,ts,ts,,,ts,,,ts,,5,,1,,1,,,,1,,1,,,,,,,,,,,,,,,,,,,,,,,,,,,1,,,,,,,,,,,,,,,,,,,,,,,,,,,,,,,,,,,,,,,,,,,,,,,,,,,,,,,,,,,,,,,,,,,,,,,,,,,,,
,ts',ts_>,,,,,,,,,,,,ts_>,,,,,,,,,,,,,,,,,,,,,,,,,4,,1,,,,1,,,,,,,,,,,,,,,,,,,,,,,,,,,,,,,1,1,,,,,,,,,,,,,,,,,,,,,,,,,,,,,,,,,,,,,,,,,,,,,,,,,,,,,,,,,,,,,,,,,,,,,,,,,,,,
,tts,tts,,,,,,,,,,,,,tts,,,,,tts,tts,,,,,,,,,,,,,,,,,,5,,1,,1,,,,1,,1,,,,,,,,,,,,,,,,,,,,,,,,,,,1,,,,,,,,,,,,,,,,,,,,,,,,,,,,,,,,,,,,,,,,,,,,,,,,,,,,,,,,,,,,,,,,,,,,,,,,,,,,,
,dz,dz,,,,,,,,,,,,dz,dz,,,,,dz,dz,,,,,,,,,,,,,,,,dz,,5,,1,1,,,,,1,1,,,,,,,,,,,,,,,,,,,,,,,,,,,,1,,,,,,,,,,,,,,,,,,,,,,,,,,,,,,,,,,,,,,,,,,,,,,,,,,,,,,,,,,,,,,,,,,,,,,,,,,,,,
,ddz,ddz,,,,,,,,,,,,,ddz,,,,,ddz,ddz,,,,,,,,,,,,,,,,,,5,,1,1,,,,,1,1,,,,,,,,,,,,,,,,,,,,,,,,,,,,1,,,,,,,,,,,,,,,,,,,,,,,,,,,,,,,,,,,,,,,,,,,,,,,,,,,,,,,,,,,,,,,,,,,,,,,,,,,,,
,tʃ,tS,ch,ch,,,ch,ch,,CH,,ch,ch,,tS,tS,tS,tS,tS,tS,tS,,,,,,,,tS,tS,tS,,,tS,,,,,8,,1,,1,,,,1,,1,,,,,,,,,,,,,,,,,,,,,,,,,,,1,,,,,,,,,,,,1,,1,,,,,,,,1,,,,,,,,,,,,,,,,,,,,,,,,,,,,,,,,,,,,,,,,,,,,,,,,,,,,,,,
,tʃ',tS_>,,,,,,,,,,,,tS_>,,,,,,,,,,,,,,,,,,,,,,,,,3,,1,,,,1,,,,,,,,,,,,,,,,,,,,,,,,,,,,,,,1,,,,,,,,,,,,,,,,,,,,,,,,,,,,,,,,,,,,,,,,,,,,,,,,,,,,,,,,,,,,,,,,,,,,,,,,,,,,,
,ttʃ,ttS,,,,,,,,,,,,,ttS,,,,,ttS,ttS,,,,,,,,,,,,,,,,,,7,,1,,1,,,,1,,1,,,,,,,,,,,,,,,,,,,,,,,,,,,1,,,,,,,,,,,,1,,1,,,,,,,,,,,,,,,,,,,,,,,,,,,,,,,,,,,,,,,,,,,,,,,,,,,,,,,,,,,,,,,
,dʒ,dZ,jh,jh,,,jh,jh,,JH,,jh,jh,d_0Z,dZ,,dZ,dZ,,dZ,dZ,,,,,,,,,,,,,,,,,,8,,1,1,,,,,1,1,,,,,,,,,,,,,,,,,,,,,,,,,,,,1,,,,,,,,,,,,1,1,,,,,,,,,,1,,,,,,,,,,,,,,,,,,,,,,,,,,,,,,,,,,,,,,,,,,,,,,,,,,,,,,
,ddʒ,ddZ,,,,,,,,,,,,,ddZ,,,,,ddZ,ddZ,,,,,,,,,,,,,,,,,,7,,1,1,,,,,1,1,,,,,,,,,,,,,,,,,,,,,,,,,,,,1,,,,,,,,,,,,1,1,,,,,,,,,,,,,,,,,,,,,,,,,,,,,,,,,,,,,,,,,,,,,,,,,,,,,,,,,,,,,,,,
,pf,pf,,,,,,,,,,,,,pf,pf,,,,,,,,,,,,,pf,pf,pf,,,pf,,,,,10,,1,,1,,,,1,,1,,,,,,,,,,1,,1,1,,,,,,,,,,,,,,,,,,1,,1,,,,,,,,,,,,,,,,1,,,,,,,,,,,,,,,,,,,,,,,,,,,,,,,,,,,,,,,,,,,,,,,,,,,,,,,
Clicks,|,|\,,,,,,,,,,,,|\,,,,,,,,,,,,,,,,,,,,,,,,,3,,1,,,,,1,,,,,,,,,,,,,,,,,,,,,,1,,,,,,,,,,,,,,,,,,,,,,,,,,,,,,,,,,,,,,,,,,,,,,,,,,,,,,,,,,,,,,,,,,,,,,,,,,,,,,,,,,,,,
,|gi,|\g_0,,,,,,,,,,,,|\g_0,,,,,,,,,,,,,,,,,,,,,,,,,4,,1,1,,,,1,,,,,,,,,,,,,,,,,,,,,,1,,,,,,,,,,,,,,,,,,,,,,,,,,,,,,,,,,,,,,,,,,,,,,,,,,,,,,,,,,,,,,,,,,,,,,,,,,,,,,,,,,,,,
,|h,|\h,,,,,,,,,,,,|\h,,,,,,,,,,,,,,,,,,,,,,,,,4,,1,,,1,,1,,,,,,,,,,,,,,,,,,,,,,1,,,,,,,,,,,,,,,,,,,,,,,,,,,,,,,,,,,,,,,,,,,,,,,,,,,,,,,,,,,,,,,,,,,,,,,,,,,,,,,,,,,,,
,||,|\|\,,,,,,,,,,,,|\|\,,,,,,,,,,,,,,,,,,,,,,,,,3,,1,,,,,1,,,,,,,,,,,,,,,,,,,,,,,1,,,,,,,,,,,,,,,,,,,,,,,,,,,,,,,,,,,,,,,,,,,,,,,,,,,,,,,,,,,,,,,,,,,,,,,,,,,,,,,,,,,,
,||gi,|\|\g_0,,,,,,,,,,,,|\|\g_0,,,,,,,,,,,,,,,,,,,,,,,,,4,,1,1,,,,1,,,,,,,,,,,,,,,,,,,,,,,1,,,,,,,,,,,,,,,,,,,,,,,,,,,,,,,,,,,,,,,,,,,,,,,,,,,,,,,,,,,,,,,,,,,,,,,,,,,,,,,,,,,,
,||h,|\|\h,,,,,,,,,,,,|\|\h,,,,,,,,,,,,,,,,,,,,,,,,,4,,1,,,1,,1,,,,,,,,,,,,,,,,,,,,,,,1,,,,,,,,,,,,,,,,,,,,,,,,,,,,,,,,,,,,,,,,,,,,,,,,,,,,,,,,,,,,,,,,,,,,,,,,,,,,,,,,,,,,
,!,!\,,,,,,,,,,,,!\,,,,,,,,,,,,,,,,,,,,,,,,,3,,1,,,,,1,,,,,,,,,,,,,,,,,,,,,,,,1,,,,,,,,,,,,,,,,,,,,,,,,,,,,,,,,,,,,,,,,,,,,,,,,,,,,,,,,,,,,,,,,,,,,,,,,,,,,,,,,,,,
,!gi,!\g_0,,,,,,,,,,,,,,,,,,,,,,,,,,,,,,,,,,,,,4,,1,1,,,,1,,,,,,,,,,,,,,,,,,,,,,,,1,,,,,,,,,,,,,,,,,,,,,,,,,,,,,,,,,,,,,,,,,,,,,,,,,,,,,,,,,,,,,,,,,,,,,,,,,,,,,,,,,,,
,!h,!\h,,,,,,,,,,,,!\h,,,,,,,,,,,,,,,,,,,,,,,,,4,,1,,1,,,1,,,,,,,,,,,,,,,,,,,,,,,,1,,,,,,,,,,,,,,,,,,,,,,,,,,,,,,,,,,,,,,,,,,,,,,,,,,,,,,,,,,,,,,,,,,,,,,,,,,,,,,,,,,,
Vowels,i,i,ii,iy,i,i,iy,iy,IY,IY,i,iy,iy,i,i,i,i,,i,i,i,i,i,i,i,i,i,i,i,i,i,i,i,,i,i,i,,6,1,,,,,,,,,,,,,,,,,,,,,,,,,,,,,,,,,,,,,,,,,,,,,,,,,,,,,,,,,,,,1,1,,1,,,,,,,,,,,,,,,,,,,,,,,,,,,,,,,,,,,,,,1,,,,,,,,,,,1,
,ii,ii,,,,,,,,,,,,,,,,,,,,,,,,,,,,,,,,,,ii,,,6,1,,,,,,,,,,,,,,,,,,,,,,,,,,,,,,,,,,,,,,,,,,,,,,,,,,,,,,,,,,,,1,1,,1,,,,,,,,,,,,,,,,,,,,,,,,,,,,,,,,,,,,,,1,,,,,,,,,,,1,
,iː,i:,,,,,,,,,,,,,i:,i:,i:,i:,,,,,,,,,ih,il,i:,i:,i:,i:,i:,i:,i:,,,i:,9,1,,,,,,,,,,,,,,,,,,,,,,,,,,,,,,,,,,,,,,,,,,,,,,,,,,,,,,,,,,,,1,1,,1,,,,,,,,,,,,,,,,,,,,,,,,,,,,,,1,,,1,1,,,,1,,,,,,,,,,,1,
,y,y,,,y,y,,,,,y,,,,y,y,,,,,,y,y,y,y,y,,ue,y,y,y,y,y,,y,y,,,6,1,,,,,,,,,,,,,,,,,,,,,,,,,,,,,,,,,,,,,,,,,,,,,,,,,,,,,,,,,,,,1,1,,1,,,,,,,,,,,,,,,,,,,,,,,,,,,,,,,,,,,,,,1,,,,,,,,,,1,,
,yy,yy,,,,,,,,,,,,,,,,,,,,,,,,,,,,,,,,,,yy,,,6,1,,,,,,,,,,,,,,,,,,,,,,,,,,,,,,,,,,,,,,,,,,,,,,,,,,,,,,,,,,,,1,1,,1,,,,,,,,,,,,,,,,,,,,,,,,,,,,,,,,,,,,,,1,,,,,,,,,,1,,
,yː,y:,,,,,,,,,,,,,y:,y:,,,,,,,,,,,yh,uel,y:,y:,y:,y:,y:,y:,y:,,,y:,9,1,,,,,,,,,,,,,,,,,,,,,,,,,,,,,,,,,,,,,,,,,,,,,,,,,,,,,,,,,,,,1,1,,1,,,,,,,,,,,,,,,,,,,,,,,,,,,,,,1,,,1,1,,,,1,,,,,,,,,,1,,
,ɨ,1,,ix,,,,,,,,,,,,,,,,,,,,,,,,,,,,,,,,,,,6,1,,,,,,,,,,,,,,,,,,,,,,,,,,,,,,,,,,,,,,,,,,,,,,,,,,,,,,,,,,,,,,,,,,,,,,,,,,,1,,1,1,,,,,,,,,,,,,,,,,,,,,,,1,,,,,,,,,,,1,
,ʉ,},,,,,,,,,,,,,,,,,,,,,,,,,,,,,,,,,},,,,6,1,,,,,,,,,,,,,,,,,,,,,,,,,,,,,,,,,,,,,,,,,,,,,,,,,,,,,,,,,,,,,,,,,,,,,,,,,,,1,,1,1,,,,,,,,,,,,,,,,,,,,,,,1,,,,,,,,,,1,,
,ʉː,}:,,,,,,,,,,,,,,,,,,,,,,,,,,,,,,,,,}:,,,}:,8,1,,,,,,,,,,,,,,,,,,,,,,,,,,,,,,,,,,,,,,,,,,,,,,,,,,,,,,,,,,,,,,,,,,,,,,,,,,,1,,1,1,,,,,,,,,,,,,,,1,,1,,1,,,,1,,,,,,,,,,,,
,u,u,uu,uw,u,u,uw,uw,UW,UW,u,uw,uw,u,u,u,,,u,u,u,u,u,u,u,u,u,u,u,u,u,u,u,,u,u,u,,6,1,,,,,,,,,,,,,,,,,,,,,,,,,,,,,,,,,,,,,,,,,,,,,,,,,,,,,,,,,,,,,,,,,,,,,,,,,,,,,,,,,,,,,,1,,1,,,,1,,,,,,,,,1,,,,,,,,,,1,,
,uu,uu,,,,,,,,,,,,,,,,,,,,,,,,,,,,,,,,,,uu,,,6,1,,,,,,,,,,,,,,,,,,,,,,,,,,,,,,,,,,,,,,,,,,,,,,,,,,,,,,,,,,,,,,,,,,,,,,,,,,,,,,,,,,,,,,1,,1,,,,1,,,,,,,,,1,,,,,,,,,,1,,
,uː,u:,,,,,,,,,,,,,u:,u:,u:,u:,,,,,,,,,uh,ul,u:,u:,u:,u:,u:,u:,u:,,,u:,9,1,,,,,,,,,,,,,,,,,,,,,,,,,,,,,,,,,,,,,,,,,,,,,,,,,,,,,,,,,,,,,,,,,,,,,,,,,,,,,,,,,,,,,,1,,1,,,,1,1,1,,,1,,,,1,,,,,,,,,,1,,
,ɪ,I,i,ih,,,ih,ih,IH,IH,I,ih,ih,,I,I,,I,,,,,,,,,I,,I,I,I,I,I,I,,,,I,5,1,,,,,,,,,,,,,,,,,,,,,,,,,,,,,,,,,,,,,,,,,,,,,,,,,,,,,,,,,,,,,,,,,,,,,,,1,1,,,,,,,,,,,,,,,,,,,,,,,,,,,,,,1,,,,,,,,,,1,
,,I`,ir,,,,,,,,,,,,,,,,,,,,,,,,,,,,,,,,,,,,7,1,,,,,,,,,,,,,,,,,,,,,,,,,,,,,,,,,,,,,,,,,,,,,,,,,,,,,,,,,,,,,,,,,,,,,,,1,1,1,,,,,,,,,,,,,,,,,,,,,,,,,,,,,1,,,,,,,,1,,1,
,ʏ,Y,,,,,,,,,Y,,,,Y,Y,,,,,,,,,,,Y,,Y,Y,Y,Y,Y,Y,,,,Y,5,1,,,,,,,,,,,,,,,,,,,,,,,,,,,,,,,,,,,,,,,,,,,,,,,,,,,,,,,,,,,,,,,,,,,,,,,1,1,,,,,,,,,,,,,,,,,,,,,,,,,,,,,,1,,,,,,,,,1,,
,ʏ,Y~,,,,,,,,,Y~,,,,,,,,,,,,,,,,,,,,,,,,,,,,6,1,,,,,,,,,,,,,,,,,,,,,,,,,,,,,,,,,1,,,,,,,,,,,,,,,,,,,,,,,,,,,,,,,,,,,,,,1,1,,,,,,,,,,,,,,,,,,,,,,,,,,,,,,1,,,,,,,,,1,,
,ʏː,Y:,,,,,,,,,Y:,,,,,,,,,,,,,,,,,,,,,,,,,,,,6,1,,,,,,,,,,,,,,,,,,,,,,,,,,,,,,,,,,,,,,,,,,,,,,,,,,,,,,,,,,,,,,,,,,,,,,,1,1,,,,,,,,,,,,,,,,,,,,,,,,,,1,,,,1,,,,,,,,,1,,
,ʊ,U,u,uh,,,uh,uh,,UH,,uh,,,U,U,U,U,,,,,,,,,U,,U,U,U,U,U,U,,,,U,5,1,,,,,,,,,,,,,,,,,,,,,,,,,,,,,,,,,,,,,,,,,,,,,,,,,,,,,,,,,,,,,,,,,,,,,,,,,,,,,,,,,,1,,1,,,,,,,,,,,,,,,,,,1,,,,,,,,,1,,
,,U`,ur,,,,,,,,,,,,,,,,,,,,,,,,,,,,,,,,,,,,9,1,,,,,,,,,,,,,,,,,,,,,,,,,,,,,,,,,,,,,,,,,,,,,,,,,,,,,,,,,,,,,,,,,,,,,,,,,,,1,,,,,,,1,1,1,,,,,,,,,,,,,,,,,,1,,,,,,,1,1,1,,
,e,e,ei,,,,,,,,,,,,e,e,,e,e,e,e,e,e,e,e,e,e,e,e,e,e,e,e,,e,e,e,e,7,1,,,,,,,,,,,,,,,,,,,,,,,,,,,,,,,,,,,,,,,,,,,,,,,,,,,,,,,,,,,,1,1,,,1,,,,1,,,,,,,,,,,,,,,,,,,,,,,,,,,,,,,,,,,1,,,,,,,,,1,
,,ee,,,,,,,,,,,,,,,,,,,,,,,,,,,,,,,,,,ee,,,7,1,,,,,,,,,,,,,,,,,,,,,,,,,,,,,,,,,,,,,,,,,,,,,,,,,,,,,,,,,,,,1,1,,,1,,,,1,,,,,,,,,,,,,,,,,,,,,,,,,,,,,,,,,,,1,,,,,,,,,1,
,eː,e:,,,,,,,,,e,,,,e:,e:,,,,,,,,,,,eh,el,e:,e:,e:,e:,e:,e:,e:,,,e:,9,1,,,,,,,,,,,,,,,,,,,,,,,,,,,,,,,,,,,,,,,,,,,,,,,,,,,,,,,,,,,,1,1,,,1,,,,,,,,,,,,,,,,,,,,,,,,,,,,,1,,,1,,1,,,,,1,,,,,,,,,1,
,ẽ,e~,,,,,,,,,,,,,e~,e~,,,,,,e~,Ehn,e~,e~,e~,,,,,,,e~,,,,,,6,1,,,,,,,,,,,,,,,,,,,,,,,,,,,,,,,,,1,,,,,,,,,,,,,,,,,,,,,,,,,,,1,,,,1,,,,,,,,,,,,,,,,,,,,,,,,,,,,,,,,,,,,,,,1,,,,,,,,,1,
,ø,2,,,,,,,,,,,,,2,2,,,,,,2,P2,2,2,2,,,2,2,2,2,2,,2,2,,2,6,1,,,,,,,,,,,,,,,,,,,,,,,,,,,,,,,,,,,,,,,,,,,,,,,,,,,,,,,,,,,,1,1,,,1,,,,,,,,,,,,,,,,,,,,,,,,,,,,,,,,,,,,,,,1,,,,,,,,1,,
,,22,,,,,,,,,,,,,,,,,,,,,,,,,,,,,,,,,,22,,,6,1,,,,,,,,,,,,,,,,,,,,,,,,,,,,,,,,,,,,,,,,,,,,,,,,,,,,,,,,,,,,1,1,,,1,,,,,,,,,,,,,,,,,,,,,,,,,,,,,,,,,,,,,,,1,,,,,,,,1,,
,øː,2:,,,2:,2:,,,,,2,,,,2:,2:,,,,,,,,,,,P2h,oel,2:,2:,2:,2:,2:,2:,2:,,,2:,9,1,,,,,,,,,,,,,,,,,,,,,,,,,,,,,,,,,,,,,,,,,,,,,,,,,,,,,,,,,,,,1,1,,,1,,,,,,,,,,,,,,,,,,,,,,,,,,,,,1,,,1,,1,,,,,1,,,,,,,,1,,
,o,o,,,,,,,,,,,,,o,o,,,o,o,o,o,o,o,o,o,o,,o,o,o,o,o,,,o,o,,6,1,,,,,,,,,,,,,,,,,,,,,,,,,,,,,,,,,,,,,,,,,,,,,,,,,,,,,,,,,,,,,,,,,,,,,,,,,,,,,,,,,,,,,,1,,1,,,1,,,,,,,,,,,,1,,,,,,,,1,,
,,oo,,,,,,,,,,,,,,,,,,,,,,,,,,,,,,,,,,oo,,,6,1,,,,,,,,,,,,,,,,,,,,,,,,,,,,,,,,,,,,,,,,,,,,,,,,,,,,,,,,,,,,,,,,,,,,,,,,,,,,,,,,,,,,,,1,,1,,,1,,,,,,,,,,,,1,,,,,,,,1,,
,oː,o:,,,,,,,,,o,,,,o:,o:,,,,,,,,,,,oh,ol,o:,o:,o:,o:,o:,o:,,,,o:,8,1,,,,,,,,,,,,,,,,,,,,,,,,,,,,,,,,,,,,,,,,,,,,,,,,,,,,,,,,,,,,,,,,,,,,,,,,,,,,,,,,,,,,,,1,,1,,,1,,1,1,,,,,,,,,1,,,,,,,,1,,
,õ,o~,,,,,,,,,,,,,o~,o~,,,,,,o~,Ohn,o~,o~,o~,,,o~,o~,o~,o~,o~,,,,,,7,1,,,,,,,,,,,,,,,,,,,,,,,,,,,,,,,,,1,,,,,,,,,,,,,,,,,,,,,,,,,,,,,,,,,,,,,,,,,,,,,,,,,,,,,1,,1,,,1,,,,,,,,,,,,1,,,,,,,,1,,
,õː,o~:,,,,,,,,,,,,,,o~:,,,,,,,,,,,,,o~:,o~:,o~:,o~:,o~:,,,,,,9,1,,,,,,,,,,,,,,,,,,,,,,,,,,,,,,,,,1,,,,,,,,,,,,,,,,,,,,,,,,,,,,,,,,,,,,,,,,,,,,,,,,,,,,,1,,1,,,1,,1,1,,,,,,,,,1,,,,,,,,1,,
,ə,@,@,ax,@,@,ax,ax,,,@,ax,,,@,@,@,@,,@,,@,@,@,@,@,schwa,etu,@,@,@,@,@,@,,,,@,4,1,,,,,,,,,,,,,,,,,,,,,,,,,,,,,,,,,,,,,,,,,,,,,,,,,,,,,,,,,,,,,,,,,,,,,,,,,,,1,,1,,1,,,,,,,,,,,,,,,,,,,,,,,,,,,,,,,,,,
,ɚ,@`,@r,axr,,,axr,axr,,,,axr,,,,,,,,,,,,,,,,,,,,,,,,,,,6,1,,,,,,,,,,,,,,,,,,,,,,,,,,,,,,,,,,,,,,,,,,,,,,,,,,,,,,,,,,,,,,,,,,,,,,,,,,,1,1,1,,1,,,,,,,,,,,,,,,,,,,,,,,,,,,,,,,1,,,
,ɛ,E,e,eh,E,E,eh,eh,EH,EH,E,eh,eh,E,E,E,E,,,E,E,E,E,E,E,E,E,,E,E,E,E,E,E,,,,E,6,1,,,,,,,,,,,,,,,,,,,,,,,,,,,,,,,,,,,,,,,,,,,,,,,,,,,,,,,,,,,,1,1,,,,1,,,,,,,,,,,,,,,,,,,,,,,,,,,,,,,,,,,,,,,1,,,,,,,,1,
,ɛ̃,E~,,,,,,,,,E~,,,,,E~,,,,,,,,,,,,,E~,E~,,,E~,,,,,,7,1,,,,,,,,,,,,,,,,,,,,,,,,,,,,,,,,,1,,,,,,,,,,,,,,,,,,,,,,,,,,,1,1,,,,1,,,,,,,,,,,,,,,,,,,,,,,,,,,,,,,,,,,,,,,1,,,,,,,,1,
,ɛ̃ː,E~:,,,,,,,,,,,,,,E~:,,,,,,,,,,,,,E~:,E~:,,,E~:,,,,,,10,1,,,,,,,,,,,,,,,,,,,,,,,,,,,,,,,,,1,,,,,,,,,,,,,,,,,,,,,,,,,,,1,1,,,,1,,,,,,,,,,,,,,,,,,,,,,,,,,,,1,,,1,,,1,,,,,1,,,,,,,,1,
,ɛː,E:,,,,,,,,,E:,,,,E:,E:,,,,,,,,,,,Eh,ae,E:,E:,E:,E:,E:,E:,,,,E:,9,1,,,,,,,,,,,,,,,,,,,,,,,,,,,,,,,,,,,,,,,,,,,,,,,,,,,,,,,,,,,,1,1,,,,1,,,,,,,,,,,,,,,,,,,,,,,,,,,,1,,,1,,,1,,,,,1,,,,,,,,1,
,,E`,eir,,,,,,,,,,,,,,,,,,,,,,,,,,,,,,,,,,,,9,1,,,,,,,,,,,,,,,,,,,,,,,,,,,,,,,,,,,,,,,,,,,,,,,,,,,,,,,,,,,,1,1,1,,,1,,,,,,,,,,,,,,,,,,,,,,,,,,,,,,,,,,,,,,,1,,,,,,1,,1,1
,œ,9,,,9,9,,,,,,,,,9,9,,,,,,9,P9,9,9,9,P9,oe,9,9,9,9,9,9,,,,9,6,1,,,,,,,,,,,,,,,,,,,,,,,,,,,,,,,,,,,,,,,,,,,,,,,,,,,,,,,,,,,,1,1,,,,1,,,,,,,,,,,,,,,,,,,,,,,,,,,,,,,,,,,,,,,1,,,,,,,1,,
,œː,9:,,,,,,,,,,,,,,,,,,,,,,,,,,,,,,,,,,,,9:,8,1,,,,,,,,,,,,,,,,,,,,,,,,,,,,,,,,,,,,,,,,,,,,,,,,,,,,,,,,,,,,1,1,,,,1,,,,,,,,,,,,,,,,,,,,,,,,,,,,1,,,1,,,,,,,,1,,,,,,,1,,
,ɜː,3:,,,,,,,,,,,,,3:,,3:,3:,,,,,,,,,,,,,,,,,,,,,9,1,,,,,,,,,,,,,,,,,,,,,,,,,,,,,,,,,,,,,,,,,,,,,,,,,,,,,,,,,,,,,,,,,,,,,,,,,,,1,,1,,,1,,,,,,,,,,,,,1,,1,,,,1,,,,,1,,,,,,,,1,
,ɝ,3`,@@r,er,,,er,er,ER,ER,,er,er,,,,,,,,,,,,,,,,,,,,,,,,,,6,1,,,,,,,,,,,,,,,,,,,,,,,,,,,,,,,,,,,,,,,,,,,,,,,,,,,,,,,,,,,,,,,,,,,,,,,,,,,1,,1,,,1,,,,,,,,,,,,,,,,,,,,,,,,1,,,,,,,,1,
,ɝː,3`:,,,,,,,,,,,,,,,,,,,,,,,,,,,,,,,,,,,,,9,1,,,,,,,,,,,,,,,,,,,,,,,,,,,,,,,,,,,,,,,,,,,,,,,,,,,,,,,,,,,,,,,,,,,,,,,,,,,1,,1,,,1,,,,,,,,,,,,,1,,1,,,,1,,,,,1,,,,,,,,1,
,ʌ,V,uh,ah,,,ah,ah,AH,AH,,ah,ah,,V,,,V,,,,,,,,,,,,,,,,,,,,,6,1,,,,,,,,,,,,,,,,,,,,,,,,,,,,,,,,,,,,,,,,,,,,,,,,,,,,,,,,,,,,,,,,,,,,,,,,,,,,,,,,,,,,,,1,,1,,1,,,,,,,,,,,,,,1,,,,,,,,1,
,ɔ,O,oo,ao,O,O,ao,ao,AO,AO,O,ao,ao,O,O,O,,,,O,O,O,O,O,O,O,O,o,O,O,O,O,O,O,O,,,O,6,1,,,,,,,,,,,,,,,,,,,,,,,,,,,,,,,,,,,,,,,,,,,,,,,,,,,,,,,,,,,,,,,,,,,,,,,,,,,,,,,,,,,,,,1,,1,,1,,,,,,,,,,,,,,1,,,,,,,1,,
,ɔː,O:,,,,,,,,,O:,,,,O:,O:,O:,O:,,,,,,,,,,,O:,O:,,,,,O:,,,,9,1,,,,,,,,,,,,,,,,,,,,,,,,,,,,,,,,,,,,,,,,,,,,,,,,,,,,,,,,,,,,,,,,,,,,,,,,,,,,,,,,,,,,,,1,,1,,1,,,1,1,,,,,1,,,,,1,,,,,,,1,,
,ɔ̃,O~,,,,,,,,,O~,,,,,,,,,,,,,,,,,,,,,,,,,,,,7,1,,,,,,,,,,,,,,,,,,,,,,,,,,,,,,,,,1,,,,,,,,,,,,,,,,,,,,,,,,,,,,,,,,,,,,,,,,,,,,,,,,,,,,,1,,1,,1,,,,,,,,,,,,,,1,,,,,,,1,,
,,O`,or,,,,,,,,,,,,,,,,,,,,,,,,,,,,,,,,,,,,8,1,,,,,,,,,,,,,,,,,,,,,,,,,,,,,,,,,,,,,,,,,,,,,,,,,,,,,,,,,,,,,,,,,,,,,,,,,,,,,,,,,,,,,,1,1,1,,1,,,,,,,,,,,,,,1,,,,,,1,1,,
,æ,{,a,ae,{,,ae,ae,,AE,,ae,ae,,{,,{,{,,,,,,,,,,,,,,,,,{,{,,{,5,1,,,,,,,,,,,,,,,,,,,,,,,,,,,,,,,,,,,,,,,,,,,,,,,,,,,,,,,,,,,,1,1,,,,,1,,,,,,,,,,,,,,,,,,,,,,,,,,,,,,,,,,,,,,,,,,,,,,1,
,ææ,{{,,,,,,,,,,,,,,,,,,,,,,,,,,,,,,,,,,{{,,,5,1,,,,,,,,,,,,,,,,,,,,,,,,,,,,,,,,,,,,,,,,,,,,,,,,,,,,,,,,,,,,1,1,,,,,1,,,,,,,,,,,,,,,,,,,,,,,,,,,,,,,,,,,,,,,,,,,,,,1,
,æː,{:,,,,,,,,,,,,,,,,,,,,,,,,,,,,,,,,,{:,,,{:,7,1,,,,,,,,,,,,,,,,,,,,,,,,,,,,,,,,,,,,,,,,,,,,,,,,,,,,,,,,,,,,1,1,,,,,1,,,,,,,,,,,,,,,,,,,,,,,,,,,1,,,1,,,,,,,,,,,,,,,,1,
,,{_r,eh,,,,,,,,,,,,,,,,,,,,,,,,,,,,,,,,,,,,8,1,,,,,,,,,,,,,,,,,,,,,,,,,,,,,,,,,,,,,,,,,,,,,,,,,,,,,,,,,,,,1,1,1,,,,1,,,,,,,,,,,,,,,,,,,,,,,,,,,,,,,,,,,,,,,,,,,,1,,1,1
,a,a,,,a,a,,,,,,,,a,a,a,a,,a,a,a,a,a,a,a,a,a,a,a,a,a,a,a,a,,,a,a,6,1,,,,,,,,,,,,,,,,,,,,,,,,,,,,,,,,,,,,,,,,,,,,,,,,,,,,,,,,,,,,1,1,,,,,,1,,,,,,,,,,,,,,,,,,,,,,,,,,,,,,,,,,,,,,1,,,,,,,1,
,aː,a:,,,,,,,,,a,,,,a:,a:,,,,,,,,,,,ah,al,a:,a:,a:,a:,a:,a:,,,,,9,1,,,,,,,,,,,,,,,,,,,,,,,,,,,,,,,,,,,,,,,,,,,,,,,,,,,,,,,,,,,,1,1,,,,,,1,,,,,,,,,,,,,,,,,,,,,,,,,,1,,,1,,,,1,,,,,1,,,,,,,1,
,ã,a~,,,,,,,,,,,,,a~,a~,,,,,,a~,Ahn,a~,a~,a~,,,a~,a~,a~,a~,a~,,,,,,6,1,,,,,,,,,,,,,,,,,,,,,,,,,,,,,,,,,1,,,,,,,,,,,,,,,,,,,,,,,,,,,1,,,,,,,1,,,,,,,,,,,,,,,,,,,,,,,,,,,,,,,,,,,,,,1,,,,,,,1,
,ãː,a~:,,,,,,,,,,,,,,a~:,,,,,,,,,,,Ahn,,a~:,a~:,a~:,a~:,a~:,,,,,,9,1,,,,,,,,,,,,,,,,,,,,,,,,,,,,,,,,,1,,,,,,,,,,,,,,,,,,,,,,,,,,,1,,,,,,,1,,,,,,,,,,,,,,,,,,,,,,,,,,1,,,1,,,,1,,,,,1,,,,,,,1,
,œ̃,9~,,,,,,,,,,,,,9~,9~,,,,,,9~,P9hn,9~,9~,9~,,,,,,,,,,,,,7,1,,,,,,,,,,,,,,,,,,,,,,,,,,,,,,,,,1,,,,,,,,,,,,,,,,,,,,,,,,,,,1,1,,,,,,1,,,,,,,,,,,,,,,,,,,,,,,,,,,,,,,,,,,,,,1,,,,,,1,,
,ɑ,A,aa,aa,,,aa,aa,,AA,A,aa,aa,,A,,,,,,,,,,,A,,,,,,,,,A,A,,,6,1,,,,,,,,,,,,,,,,,,,,,,,,,,,,,,,,,,,,,,,,,,,,,,,,,,,,,,,,,,,,,,,,,,,,,,,,,,,,,,,,,,,,,,1,,1,1,,,,,,,,,,,,,,,,1,,,,,,,1,
,ɑɑ,AA,,,,,,,,,,,,,,,,,,,,,,,,,,,,,,,,,,AA,,,6,1,,,,,,,,,,,,,,,,,,,,,,,,,,,,,,,,,,,,,,,,,,,,,,,,,,,,,,,,,,,,,,,,,,,,,,,,,,,,,,,,,,,,,,1,,1,1,,,,,,,,,,,,,,,,1,,,,,,,1,
,ɑː,A:,,,A:,A:,,,,,,,,,A:,,A:,A:,,,,,,,,,,,,,,,,,A:,,,A:,9,1,,,,,,,,,,,,,,,,,,,,,,,,,,,,,,,,,,,,,,,,,,,,,,,,,,,,,,,,,,,,,,,,,,,,,,,,,,,,,,,,,,,,,,1,,1,1,,,,1,1,,,,,,1,,,,,1,,,,,,,1,
,ɑ̃,A~,,,,,,,,,A~,,,,,,,,,,,,,,,,,,,,,,,,,,,,7,1,,,,,,,,,,,,,,,,,,,,,,,,,,,,,,,,,1,,,,,,,,,,,,,,,,,,,,,,,,,,,,,,,,,,,,,,,,,,,,,,,,,,,,,1,,1,1,,,,,,,,,,,,,,,,1,,,,,,,1,
,ɑi,Ai,,,,,,,,,,,,,,,,,,,,,,,,,,,,,,,,,Ai,,,,11,1,,,,,,,,,,,,,,,,,,,,,,,,,,,,,,,,,,,,,,,,,,,,,,,,,,,,,,,,,,,,1,1,,1,,,,,,,,,,,,,,,,,,,,,,,1,,1,1,,,,,,,,,,,,1,,,,1,,,,,1,,1,
,ɑʉ,A},,,,,,,,,,,,,,,,,,,,,,,,,,,,,,,,,A},,,,11,1,,,,,,,,,,,,,,,,,,,,,,,,,,,,,,,,,,,,,,,,,,,,,,,,,,,,,,,,,,,,,,,,,,,,,,,,,,,1,,1,1,,,,,,,,,,1,1,,,,,,,,,,,,1,,,,1,,,,,1,1,1,
,,A`,ar,,,,,,,,,,,,,,,,,,,,,,,,,,,,,,,,,,,,9,1,,,,,,,,,,,,,,,,,,,,,,,,,,,,,,,,,,,,,,,,,,,,,,,,,,,,,,,,,,,,,,,,,,,,,,,,,,,,,,,,,,,,,,1,1,1,1,,,,,,,,,,,,,,,,1,,,,,1,,1,1
,ɒ ,Q,,,,,,,,,,,,,Q,,Q,Q,,,,,,,,,,,,,,,,,,,,,6,1,,,,,,,,,,,,,,,,,,,,,,,,,,,,,,,,,,,,,,,,,,,,,,,,,,,,,,,,,,,,,,,,,,,,,,,,,,,,,,,,,,,,,,1,,1,1,,,,,,,,,,,,,,,,1,,,,,,1,,
,ɐ,6,,,,,,,,,,,,,,6,,,,,,,,6,6,,P6,atu,6,6,6,6,6,,,,,,6,1,,,,,,,,,,,,,,,,,,,,,,,,,,,,,,,,,,,,,,,,,,,,,,,,,,,,,,,,,,,,,,,,,,,,,,,,,,,1,,1,,,,1,,,1,,,,,,,,,,,,,,,,,,,,,,,,,,,,,1
Diphthongs,ai,ai,,,,,,,,,,,,,,,ai,,,,,,,,,,,,,,,,,,,,,,5,1,,,,,,,,,,,,,,,,,,,,,,,,,,,,,,,,,,,,,,,,,,,,,,,,,,,,,,,,,,,,1,,,1,,,,1,,,,,,,,,,,,,,,,,,,,,,,,,,,,,,,,,,,,,,,,,,,1,,,
,au,au,,,,,,,,,,,,,,,au,,,,,,,,,,,,,,,,,,,,,,6,1,,,,,,,,,,,,,,,,,,,,,,,,,,,,,,,,,,,,,,,,,,,,,,,,,,,,,,,,,,,,1,,,,,,,1,,,,,,,,,,,,,,,,,,,1,,,,,,1,,,,,,,,,,,,,,,,,,1,,,
,iə,i@,,,i@,,,,,,,,,,,,i@,,,,,,,,,,,,,,,,,,,,,,5,1,,,,,,,,,,,,,,,,,,,,,,,,,,,,,,,,,,,,,,,,,,,,,,,,,,,,,,,,,,,,1,,,1,,,,,,,,,,,,1,,,,,,,,,,,,,,,,,,,,,,,,,,,,,,,,,,,1,,,
,iːɐ,i:6,,,,,,,,,,,,,i:6,,,,,,,,,,,,,,i:6,,,,,i:6,,,,,5,1,,,,,,,,,,,,,,,,,,,,,,,,,,,,,,,,,,,,,,,,,,,,,,,,,,,,,,,,,,,,1,,,,,,,,,1,,,,,,,,,,1,,,,,,,,,,,,,,,,,,,,,,,,,,,,,,,1,,,
,yːɐ,y:6,,,,,,,,,,,,,y:6,,,,,,,,,,,,,,y:6,,,,,y:6,,,,,5,1,,,,,,,,,,,,,,,,,,,,,,,,,,,,,,,,,,,,,,,,,,,,,,,,,,,,,,,,,,,,1,,,,,,,,,1,,,,,,1,,,,,,,,,,,,,,,,,,,,,,,,,,,,,,,,,,,1,,,
,uə,u@,,,u@,,,,,,,,,,,,u@,,,,,,,,,,,,,,,,,,,,,,5,1,,,,,,,,,,,,,,,,,,,,,,,,,,,,,,,,,,,,,,,,,,,,,,,,,,,,,,,,,,,,,,,,,,,,,,,,,,,,,,,1,,,,,,,,,1,,,,1,,,,,,,,,,,,,,,,,,1,,,
,uːɐ,u:6,,,,,,,,,,,,,u:6,,,,,,,,,,,,,,u:6,,,,,u:6,,,,,3,1,,,,,,,,,,,,,,,,,,,,,,,,,,,,,,,,,,,,,,,,,,,,,,,,,,,,,,,,,,,,,,,,,,,,,,,,,,,1,,,,,,,,,,,,,,,,,,,,,,,,,,,,,,,,,,,1,,,
,ɪɐ,I6,,,,,,,,,,,,,I6,,,,,,,,,,,,,,I6,,,,,I6,,,,,5,1,,,,,,,,,,,,,,,,,,,,,,,,,,,,,,,,,,,,,,,,,,,,,,,,,,,,,,,,,,,,,,,,,,,,,,,1,,,1,1,,,,,,,,,,,,,,,,,,,,,,,,,,,,,,,,,,,1,,,
,ɪə,I@,,,,,,,,,,,,,I@,,,I@,,,,,,,,,,,,,,,,,,,,,5,1,,,,,,,,,,,,,,,,,,,,,,,,,,,,,,,,,,,,,,,,,,,,,,,,,,,,,,,,,,,,,,,,,,,,,,,1,,,1,1,,,,,,,,,,,,,,,,,,,,,,,,,,,,,,,,,,,1,,,
,ʊɐ,U6,,,,,,,,,,,,,U6,,,,,,,,,,,,,,U6,,,,,U6,,,,,4,1,,,,,,,,,,,,,,,,,,,,,,,,,,,,,,,,,,,,,,,,,,,,,,,,,,,,,,,,,,,,,,,,,,,,,,,,,,,1,,,,,,,,,,1,,,,,,,,,,,,,,,,,,,,,,,,,1,,,
,ʊə,U@,,,,,,,,,,,,,U@,,,U@,,,,,,,,,,,,,,,,,,,,,4,1,,,,,,,,,,,,,,,,,,,,,,,,,,,,,,,,,,,,,,,,,,,,,,,,,,,,,,,,,,,,,,,,,,,,,,,,,,,1,,,,,,,,,,1,,,,,,,,,,,,,,,,,,,,,,,,,1,,,
,eːɐ,e:6,,,,,,,,,,,,,e:6,,,,,,,,,,,,,,e:6,,,,,e:6,,,,,5,1,,,,,,,,,,,,,,,,,,,,,,,,,,,,,,,,,,,,,,,,,,,,,,,,,,,,,,,,,,,,1,,,,,,,,,1,,,,,,1,,,,,,,,,,,,,,,,,,,,,,,,,,,,,,,,,,,1,,,
,eə,e@,,,,,,,,,,,,,e@,,e@,e@,,,,,,,,,,,,,,,,,,,,,5,1,,,,,,,,,,,,,,,,,,,,,,,,,,,,,,,,,,,,,,,,,,,,,,,,,,,,,,,,,,,,1,,,,,,,,,1,,,,,,1,,,,,,,,,,,,,,,,,,,,,,,,,,,,,,,,,,,1,,,
,eɪ,eI,,ey,,,ey,ey,EY,EY,,ey,ey,,eI,,,eI,,,,,,,,,,,,,,,,,,,,,5,1,,,,,,,,,,,,,,,,,,,,,,,,,,,,,,,,,,,,,,,,,,,,,,,,,,,,,,,,,,,,1,,,,,,,,1,,,1,,,,,,,,,,,,,,,,,,,,,,,,,,,,,,,,,,,,,,,1,,,
,øːɐ,2:6,,,,,,,,,,,,,2:6,,,,,,,,,,,,,,2:6,,,,,2:6,,,,,5,1,,,,,,,,,,,,,,,,,,,,,,,,,,,,,,,,,,,,,,,,,,,,,,,,,,,,,,,,,,,,1,,,,,,,,,1,,,,,,1,,,,,,,,,,,,,,,,,,,,,,,,,,,,,,,,,,,1,,,
,øy,2y,,,,,,,,,,,,,,,,,,,,,,,,,,,,,,,,,2y,,,,5,1,,,,,,,,,,,,,,,,,,,,,,,,,,,,,,,,,,,,,,,,,,,,,,,,,,,,,,,,,,,,1,,,1,1,,,,,,,,,,,,,,,,,,,,,,,,,,,,,,,,,,,,,,,,,,,,,,1,,,
,oːɐ,o:6,,,,,,,,,,,,,o:6,,,,,,,,,,,,,,o:6,,,,,o:6,,,,,4,1,,,,,,,,,,,,,,,,,,,,,,,,,,,,,,,,,,,,,,,,,,,,,,,,,,,,,,,,,,,,,,,,,,,,,,,,,,,1,,,,,,,,,,,1,,,,,,,,,,,,,,,,,,,,,,,,1,,,
,ou,ou,ou,,,,,,,,,,,,,,,,,,,,,,,,,,,,,,,,,,,,4,1,,,,,,,,,,,,,,,,,,,,,,,,,,,,,,,,,,,,,,,,,,,,,,,,,,,,,,,,,,,,,,,,,,,,,,,,,,,1,,,,,,,,,,,1,,,,,,,,,,,,,,,,,,,,,,,,1,,,
,oʊ,oU,,ow,,,ow,ow,OW,OW,,ow,ow,,,,,,,,,,,,,,,,,,,,,,,,,,4,1,,,,,,,,,,,,,,,,,,,,,,,,,,,,,,,,,,,,,,,,,,,,,,,,,,,,,,,,,,,,,,,,,,,,,,,,,,,,,,,,,,1,,,,1,,,,,,,,,,,,,,,,,,,,,,,,1,,,
,əu,@u,,,@u,,,,,,,,,,,,@u,,,,,,,,,,,,,,,,,,,,,,5,1,,,,,,,,,,,,,,,,,,,,,,,,,,,,,,,,,,,,,,,,,,,,,,,,,,,,,,,,,,,,,,,,,,,,,,,,,,,,,,,1,,,,,,,,,1,,,,1,,,,,,,,,,,,,,,,,,1,,,
,əʊ,@U,,,,,,,,,,,,,@U,,,@U,,,,,,,,,,,,,,,,,,,,,4,1,,,,,,,,,,,,,,,,,,,,,,,,,,,,,,,,,,,,,,,,,,,,,,,,,,,,,,,,,,,,,,,,,,,,,,,,,,,1,,,,,,,1,,,,,,,,,,,,,,,,,,,,,,,,,,,,1,,,
,əi,@i,,,@i,,,,,,,,,,,,@i,,,,,,,,,,,,,,,,,,,,,,5,1,,,,,,,,,,,,,,,,,,,,,,,,,,,,,,,,,,,,,,,,,,,,,,,,,,,,,,,,,,,,1,,,1,,,,,,,,,,,,,,,,1,,,,,,,,,,,,,,,,,,,,,,,,,,,,,,,1,,,
,ɛɐ,E6,,,,,,,,,,,,,E6,,,,,,,,,,,,,,E6,,,,,E6,,,,,5,1,,,,,,,,,,,,,,,,,,,,,,,,,,,,,,,,,,,,,,,,,,,,,,,,,,,,,,,,,,,,1,,,,,,,,,1,,,,,,1,,,,,,,,,,,,,,,,,,,,,,,,,,,,,,,,,,,1,,,
,ɛi,Ei,,,,,,,,,E+,,,,,,,,,,,,,,,,,,,,,,,,,,,,6,1,,,,,,,,,,,,,,,,,,,,,,,,,,,,,,,,,,,,,,,,,,,,,,,,,,,,,,,,,,,,1,,,1,,1,,,,,,,,,,,,,,,,,,,,,,,,,,,,,,,,,,,,,,,,,,,,,1,,1,
,ɛːɐ,E:6,,,,,,,,,,,,,E:6,,,,,,,,,,,,,,E:6,,,,,E:6,,,,,5,1,,,,,,,,,,,,,,,,,,,,,,,,,,,,,,,,,,,,,,,,,,,,,,,,,,,,,,,,,,,,1,,,,,,,,,1,,,,,,1,,,,,,,,,,,,,,,,,,,,,,,,,,,,,,,,,,,1,,,
,œɐ,96,,,,,,,,,,,,,96,,,,,,,,,,,,,,96,,,,,96,,,,,5,1,,,,,,,,,,,,,,,,,,,,,,,,,,,,,,,,,,,,,,,,,,,,,,,,,,,,,,,,,,,,1,,,,,,,,,1,,,,,,1,,,,,,,,,,,,,,,,,,,,,,,,,,,,,,,,,,,1,,,
,œy,9y,,,9y,9y,,,,,Y+,,,,,,,,,,,,,,,,,,,,,,,,,,,,5,1,,,,,,,,,,,,,,,,,,,,,,,,,,,,,,,,,,,,,,,,,,,,,,,,,,,,,,,,,,,,1,,,1,,1,,,,,,,,,,,,,,,,,,,,,,,,,,,,,,,,,,,,,,,,,,,,,1,,,
,ɔɐ,O6,,,,,,,,,,,,,O6,,,,,,,,,,,,,,O6,,,,,O6,,,,,4,1,,,,,,,,,,,,,,,,,,,,,,,,,,,,,,,,,,,,,,,,,,,,,,,,,,,,,,,,,,,,,,,,,,,,,,,,,,,1,,,,,,,,,,,1,,,,,,,,,,,,,,,,,,,,,,,,1,,,
,ɔi,Oi,,,,,,,,,,,,,,,Oi,,,,,,,,,,,,,,,,,,,,,,6,1,,,,,,,,,,,,,,,,,,,,,,,,,,,,,,,,,,,,,,,,,,,,,,,,,,,,,,,,,,,,1,,,1,,,,,,,,,,,,,,,,,,,,,,,1,,,,1,,,,,,,,,,,,,,,,,,,,1,,,
,ɔɪ,OI,oi,oy,,,oy,oy,,OY,,oy,oy,,OI,,,OI,,,,,,,,,,,,,,,,,,,,,5,1,,,,,,,,,,,,,,,,,,,,,,,,,,,,,,,,,,,,,,,,,,,,,,,,,,,,,,,,,,,,,,,,,,,,,,,1,,,,,,,,,,,,,,,1,,,,,,,,,,,,,,,,,,,,1,,,,1,,,
,,OI`,oir,,,,,,,,,,,,,,,,,,,,,,,,,,,,,,,,,,,,5,1,,,,,,,,,,,,,,,,,,,,,,,,,,,,,,,,,,,,,,,,,,,,,,,,,,,,,,,,,,,,,,,,,,,,,,,1,,,,,,,,,,,,,,,1,,,,,,,,,,,,,,,,,,,,1,,,,1,,,
,ɔʏ,OY,,,,,,,,,,,,,OY,OY,,,,,,,,,,,OY,eU,OY,OY,OY,OY,OY,OY,,,,,5,1,,,,,,,,,,,,,,,,,,,,,,,,,,,,,,,,,,,,,,,,,,,,,,,,,,,,,,,,,,,,,,,,,,,,,,,1,,,,,,,,,,,,,,,1,,,,,,,,,,,,,,,,,,,,1,,,,1,,,
,ɔy,Oy,,,,,,,,,,,,,,,,,,,,,,,,,,,,,,,,,Oy,,,,5,1,,,,,,,,,,,,,,,,,,,,,,,,,,,,,,,,,,,,,,,,,,,,,,,,,,,,,,,,,,,,1,,,1,,,,,,,,,,,,,,,,,,,,,,,,,,,1,,,,,,,,,,,,,,,,,,,,1,,,
,æi,{i,,,,,,,,,,,,,,,,,,,,,,,,,,,,,,,,,{i,,,,5,1,,,,,,,,,,,,,,,,,,,,,,,,,,,,,,,,,,,,,,,,,,,,,,,,,,,,,,,,,,,,1,,,1,,,1,,,,,,,,,,,,,,,,,,,,,,,,,,,,,,,,,,,,,,,,,,,,1,,,
,aʊ,aU,ow,aw,,,aw,aw,,AW,,aw,aw,,aU,aU,,aU,,,,,,,,,aU,aU,aU,aU,aU,aU,aU,aU,,,,,6,1,,,,,,,,,,,,,,,,,,,,,,,,,,,,,,,,,,,,,,,,,,,,,,,,,,,,,,,,,,,,1,,,,,,,,,,1,,,,,,,,,,,,1,,,,,,,,,,,,,,,,,,,,,,,,,1,,,1,,,
,,aU`,owr,,,,,,,,,,,,,,,,,,,,,,,,,,,,,,,,,,,,8,1,,,,,,,,,,,,,,,,,,,,,,,,,,,,,,,,,,,,,,,,,,,,,,,,,,,,,,,,,,,,1,,,,,,,,,,1,,,,,1,,,,,,,1,,,,,,,,,,,,,,,,,,,,,,,,,1,1,,1,,,
,aɐ,a6,,,,,,,,,,,,,a6,,,,,,,,,,,,,,a6,,,,,a6,,,,,5,1,,,,,,,,,,,,,,,,,,,,,,,,,,,,,,,,,,,,,,,,,,,,,,,,,,,,,,,,,,,,1,,,,,,,,,1,,,,,,1,,,,,,,,,,,,,,,,,,,,,,,,,,,,,,,,,,,1,,,
,aːɐ,a:6,,,,,,,,,,,,,a:6,,,,,,,,,,,,,,a:6,,,,,a:6,,,,,5,1,,,,,,,,,,,,,,,,,,,,,,,,,,,,,,,,,,,,,,,,,,,,,,,,,,,,,,,,,,,,1,,,,,,,,,1,,,,,,1,,,,,,,,,,,,,,,,,,,,,,,,,,,,,,,,,,,1,,,
,aɪ,aI,ai,ay,,,ay,ay,AY,AY,,ay,ay,,aI,aI,,aI,,,,,,,,,aI,aI,aI,aI,aI,aI,aI,aI,,,,,6,1,,,,,,,,,,,,,,,,,,,,,,,,,,,,,,,,,,,,,,,,,,,,,,,,,,,,,,,,,,,,1,,,,,,,,1,,,1,,,,,,,,,,,,,,,,,,,,,,,,,,,,,,,,,,,,1,,,1,,,
,,aI`,aer,,,,,,,,,,,,,,,,,,,,,,,,,,,,,,,,,,,,9,1,,,,,,,,,,,,,,,,,,,,,,,,,,,,,,,,,,,,,,,,,,,,,,,,,,,,,,,,,,,,1,,,,,,,,1,,,1,,,,1,,,,,,,,,,,,,,,,,,,,,,,,,,,,,,,,1,1,,1,,,1
,ɑu,Au,,,,,,,,,A+,,,,,,,,,,,,,,,,,,,,,,,,,,,,8,1,,,,,,,,,,,,,,,,,,,,,,,,,,,,,,,,,,,,,,,,,,,,,,,,,,,,,,,,,,,,,,,,,,,,,,,,,,,,,,,,,,,,,,1,,1,1,,,1,,,,,,,,,,,,,,,,,,1,1,1,
,,&/,,,,,,,,,,,,,&/,,,,,,,,,,,&/,,,,,,,,,,,,,8,1,,,,,,,,,,,,,,,,,,,,,,,,,,,,,,,,,,,,,,,,,,,,,,,,,,,,,,,,,,,,1,1,,,1,1,,,,,,,,,,,,,,,,,,,,,,,,,,,,,,,,,,,,,,1,1,,,,,,,1,,
,,E/,,,,,,,,,,,,,E/,,,,,,,,,,,E/,,,,,,,,,,,,,9,1,,,,,,,,,,,,,,,,,,,,,,,,,,,,,,,,,,,,,,,,,,,,,,,,,,,,,,,,,,,,1,1,,,1,1,,,1,,,,,,,,,,,,,,,,,,,,,,,,,,,,,,,,,,,1,1,,,,,,,,1,
,,O/,,,,,,,,,,,,,O/,,,,,,,,,,,O/,,,,,,,,,,,,,8,1,,,,,,,,,,,,,,,,,,,,,,,,,,,,,,,,,,,,,,,,,,,,,,,,,,,,,,,,,,,,,,,,,,,,,,,,,,,,,,,,,,,,,,1,,1,,1,1,,,,,,,,,,,,1,1,,,,,,,1,,
Allophonic variants,,rt,,,,,,,,,,,,,,,,,,,,,,,,,,,,,,,,,rt,,,rt,,,,,,,,,,,,,,,,,,,,,,,,,,,,,,,,,,,,,,,,,,,,,,,,,,,,,,,,,,,,,,,,,,,,,,,,,,,,,,,,,,,,,,,,,,,,,,,,,,,,,,,,,,,,,,,,,,,
,,rd,,,,,,,,,,,,,,,,,,,,,,,,,,,,,,,,,rd,,,rd,,,,,,,,,,,,,,,,,,,,,,,,,,,,,,,,,,,,,,,,,,,,,,,,,,,,,,,,,,,,,,,,,,,,,,,,,,,,,,,,,,,,,,,,,,,,,,,,,,,,,,,,,,,,,,,,,,,
,,rl,,,,,,,,,,,,,,,,,,,,,,,,,,,,,,,,,rl,,,rl,,,,,,,,,,,,,,,,,,,,,,,,,,,,,,,,,,,,,,,,,,,,,,,,,,,,,,,,,,,,,,,,,,,,,,,,,,,,,,,,,,,,,,,,,,,,,,,,,,,,,,,,,,,,,,,,,,,
,,rn,,,,,,,,,,,,,,,,,,,,,,,,,,,,,,,,,rn,,,rn,,,,,,,,,,,,,,,,,,,,,,,,,,,,,,,,,,,,,,,,,,,,,,,,,,,,,,,,,,,,,,,,,,,,,,,,,,,,,,,,,,,,,,,,,,,,,,,,,,,,,,,,,,,,,,,,,,,
,,rL,,,,,,,,,,,,,,,,,,,,,,,,,,,,,,,,,rL,,,,,,,,,,,,,,,,,,,,,,,,,,,,,,,,,,,,,,,,,,,,,,,,,,,,,,,,,,,,,,,,,,,,,,,,,,,,,,,,,,,,,,,,,,,,,,,,,,,,,,,,,,,,,,,,,,,,,,
,,rs,,,,,,,,,,,,,,,,,,,,,,,,,,,,,,,,,,,,rs,,,,,,,,,,,,,,,,,,,,,,,,,,,,,,,,,,,,,,,,,,,,,,,,,,,,,,,,,,,,,,,,,,,,,,,,,,,,,,,,,,,,,,,,,,,,,,,,,,,,,,,,,,,,,,,,,,,
